constructorId,points,position,positionText,wins,Team Name,date,year
118.0,48.0,1.0,1,6.0,Vanwall,1958-10-19,1958
6.0,40.0,2.0,2,2.0,Ferrari,1958-10-19,1958
87.0,31.0,3.0,3,2.0,Cooper,1958-10-19,1958
66.0,18.0,4.0,4,0.0,BRM,1958-10-19,1958
105.0,6.0,5.0,5,0.0,Maserati,1958-10-19,1958
32.0,3.0,6.0,6,0.0,Team Lotus,1958-10-19,1958
95.0,0.0,7.0,7,0.0,Porsche,1958-10-19,1958
125.0,0.0,8.0,8,0.0,Connaught,1958-10-19,1958
127.0,0.0,9.0,9,0.0,OSCA,1958-10-19,1958
170.0,40.0,1.0,1,5.0,Cooper-Climax,1959-12-12,1959
6.0,32.0,2.0,2,2.0,Ferrari,1959-12-12,1959
66.0,18.0,3.0,3,1.0,BRM,1959-12-12,1959
32.0,5.0,4.0,4,0.0,Team Lotus,1959-12-12,1959
95.0,0.0,8.0,8,0.0,Porsche,1959-12-12,1959
101.0,0.0,14.0,14,0.0,JBW,1959-12-12,1959
105.0,0.0,9.0,9,0.0,Maserati,1959-12-12,1959
113.0,0.0,7.0,7,0.0,Kurtis Kraft,1959-12-12,1959
117.0,0.0,5.0,5,0.0,Aston Martin,1959-12-12,1959
118.0,0.0,15.0,15,0.0,Vanwall,1959-12-12,1959
123.0,0.0,16.0,16,0.0,Fry,1959-12-12,1959
124.0,0.0,12.0,12,0.0,Tec-Mec,1959-12-12,1959
125.0,0.0,13.0,13,0.0,Connaught,1959-12-12,1959
167.0,0.0,6.0,6,0.0,Cooper-Maserati,1959-12-12,1959
168.0,0.0,11.0,11,0.0,Cooper-OSCA,1959-12-12,1959
169.0,0.0,10.0,10,0.0,Cooper-Borgward,1959-12-12,1959
170.0,48.0,1.0,1,6.0,Cooper-Climax,1960-11-20,1960
32.0,34.0,2.0,2,2.0,Team Lotus,1960-11-20,1960
6.0,26.0,3.0,3,1.0,Ferrari,1960-11-20,1960
66.0,8.0,4.0,4,0.0,BRM,1960-11-20,1960
167.0,3.0,5.0,5,0.0,Cooper-Maserati,1960-11-20,1960
171.0,3.0,6.0,6,0.0,Cooper-Castellotti,1960-11-20,1960
95.0,1.0,7.0,7,0.0,Porsche,1960-11-20,1960
101.0,0.0,12.0,12,0.0,JBW,1960-11-20,1960
104.0,0.0,8.0,8,0.0,Behra-Porsche,1960-11-20,1960
105.0,0.0,11.0,11,0.0,Maserati,1960-11-20,1960
106.0,0.0,9.0,9,0.0,Scarab,1960-11-20,1960
117.0,0.0,10.0,10,0.0,Aston Martin,1960-11-20,1960
118.0,0.0,13.0,13,0.0,Vanwall,1960-11-20,1960
6.0,45.0,1.0,1,5.0,Ferrari,1961-10-08,1961
172.0,35.0,2.0,2,3.0,Lotus-Climax,1961-10-08,1961
95.0,22.0,3.0,3,0.0,Porsche,1961-10-08,1961
170.0,14.0,4.0,4,0.0,Cooper-Climax,1961-10-08,1961
66.0,7.0,5.0,5,0.0,BRM,1961-10-08,1961
97.0,0.0,7.0,7,0.0,Gilby,1961-10-08,1961
99.0,0.0,10.0,10,0.0,Emeryson,1961-10-08,1961
101.0,0.0,12.0,12,0.0,JBW,1961-10-08,1961
103.0,0.0,13.0,13,0.0,MBM,1961-10-08,1961
167.0,0.0,6.0,6,0.0,Cooper-Maserati,1961-10-08,1961
173.0,0.0,8.0,8,0.0,Lotus-Maserati,1961-10-08,1961
174.0,0.0,11.0,11,0.0,De Tomaso-Osca,1961-10-08,1961
175.0,0.0,9.0,9,0.0,De Tomaso-Alfa Romeo,1961-10-08,1961
66.0,42.0,1.0,1,4.0,BRM,1962-12-29,1962
172.0,36.0,2.0,2,3.0,Lotus-Climax,1962-12-29,1962
170.0,29.0,3.0,3,1.0,Cooper-Climax,1962-12-29,1962
26.0,19.0,4.0,4,0.0,Lola,1962-12-29,1962
6.0,18.0,6.0,6,0.0,Ferrari,1962-12-29,1962
95.0,18.0,5.0,5,1.0,Porsche,1962-12-29,1962
34.0,6.0,7.0,7,0.0,Brabham,1962-12-29,1962
176.0,1.0,8.0,8,0.0,Lotus-BRM,1962-12-29,1962
32.0,0.0,14.0,14,0.0,Team Lotus,1962-12-29,1962
86.0,0.0,18.0,18,0.0,De Tomaso,1962-12-29,1962
87.0,0.0,11.0,11,0.0,Cooper,1962-12-29,1962
89.0,0.0,12.0,12,0.0,LDS,1962-12-29,1962
97.0,0.0,15.0,15,0.0,Gilby,1962-12-29,1962
99.0,0.0,9.0,9,0.0,Emeryson,1962-12-29,1962
100.0,0.0,10.0,10,0.0,ENB,1962-12-29,1962
174.0,0.0,17.0,17,0.0,De Tomaso-Osca,1962-12-29,1962
175.0,0.0,16.0,16,0.0,De Tomaso-Alfa Romeo,1962-12-29,1962
177.0,0.0,19.0,19,0.0,Lotus-Borgward,1962-12-29,1962
178.0,0.0,13.0,13,0.0,Cooper-Alfa Romeo,1962-12-29,1962
172.0,54.0,1.0,1,7.0,Lotus-Climax,1963-12-28,1963
66.0,36.0,2.0,2,2.0,BRM,1963-12-28,1963
34.0,28.0,3.0,3,0.0,Brabham,1963-12-28,1963
6.0,26.0,4.0,4,1.0,Ferrari,1963-12-28,1963
170.0,25.0,5.0,5,0.0,Cooper-Climax,1963-12-28,1963
94.0,6.0,6.0,6,0.0,BRP,1963-12-28,1963
95.0,5.0,7.0,7,0.0,Porsche,1963-12-28,1963
176.0,4.0,8.0,8,0.0,Lotus-BRM,1963-12-28,1963
26.0,0.0,9.0,9,0.0,Lola,1963-12-28,1963
32.0,0.0,19.0,19,0.0,Team Lotus,1963-12-28,1963
51.0,0.0,16.0,16,0.0,Alfa Romeo,1963-12-28,1963
54.0,0.0,12.0,12,0.0,ATS,1963-12-28,1963
86.0,0.0,18.0,18,0.0,De Tomaso,1963-12-28,1963
89.0,0.0,13.0,13,0.0,LDS,1963-12-28,1963
92.0,0.0,11.0,11,0.0,Scirocco,1963-12-28,1963
97.0,0.0,17.0,17,0.0,Gilby,1963-12-28,1963
98.0,0.0,10.0,10,0.0,Stebro,1963-12-28,1963
167.0,0.0,14.0,14,0.0,Cooper-Maserati,1963-12-28,1963
173.0,0.0,22.0,22,0.0,Lotus-Maserati,1963-12-28,1963
177.0,0.0,20.0,20,0.0,Lotus-Borgward,1963-12-28,1963
179.0,0.0,21.0,21,0.0,De Tomaso-Ferrari,1963-12-28,1963
180.0,0.0,15.0,15,0.0,Lotus-Ford,1963-12-28,1963
6.0,45.0,1.0,1,3.0,Ferrari,1964-10-25,1964
66.0,42.0,2.0,2,2.0,BRM,1964-10-25,1964
172.0,37.0,3.0,3,3.0,Lotus-Climax,1964-10-25,1964
183.0,30.0,4.0,4,2.0,Brabham-Climax,1964-10-25,1964
170.0,16.0,5.0,5,0.0,Cooper-Climax,1964-10-25,1964
181.0,7.0,6.0,6,0.0,Brabham-BRM,1964-10-25,1964
94.0,5.0,7.0,7,0.0,BRP,1964-10-25,1964
176.0,3.0,8.0,8,0.0,Lotus-BRM,1964-10-25,1964
11.0,0.0,9.0,9,0.0,Honda,1964-10-25,1964
92.0,0.0,10.0,10,0.0,Scirocco,1964-10-25,1964
95.0,0.0,12.0,12,0.0,Porsche,1964-10-25,1964
96.0,0.0,11.0,11,0.0,Derrington,1964-10-25,1964
182.0,0.0,13.0,13,0.0,Brabham-Ford,1964-10-25,1964
172.0,54.0,1.0,1,6.0,Lotus-Climax,1965-10-24,1965
66.0,45.0,2.0,2,3.0,BRM,1965-10-24,1965
183.0,27.0,3.0,3,0.0,Brabham-Climax,1965-10-24,1965
6.0,26.0,4.0,4,0.0,Ferrari,1965-10-24,1965
170.0,14.0,5.0,5,0.0,Cooper-Climax,1965-10-24,1965
11.0,11.0,6.0,6,1.0,Honda,1965-10-24,1965
181.0,5.0,7.0,7,0.0,Brabham-BRM,1965-10-24,1965
176.0,2.0,8.0,8,0.0,Lotus-BRM,1965-10-24,1965
51.0,0.0,10.0,10,0.0,Alfa Romeo,1965-10-24,1965
93.0,0.0,15.0,15,0.0,RE,1965-10-24,1965
167.0,0.0,16.0,16,0.0,Cooper-Maserati,1965-10-24,1965
180.0,0.0,14.0,14,0.0,Lotus-Ford,1965-10-24,1965
182.0,0.0,9.0,9,0.0,Brabham-Ford,1965-10-24,1965
184.0,0.0,13.0,13,0.0,LDS-Climax,1965-10-24,1965
185.0,0.0,11.0,11,0.0,LDS-Alfa Romeo,1965-10-24,1965
186.0,0.0,12.0,12,0.0,Cooper-Ford,1965-10-24,1965
191.0,42.0,1.0,1,4.0,Brabham-Repco,1966-10-23,1966
6.0,31.0,2.0,2,2.0,Ferrari,1966-10-23,1966
167.0,30.0,3.0,3,1.0,Cooper-Maserati,1966-10-23,1966
66.0,22.0,4.0,4,1.0,BRM,1966-10-23,1966
176.0,13.0,5.0,5,1.0,Lotus-BRM,1966-10-23,1966
172.0,8.0,6.0,6,0.0,Lotus-Climax,1966-10-23,1966
189.0,4.0,7.0,7,0.0,Eagle-Climax,1966-10-23,1966
11.0,3.0,8.0,8,0.0,Honda,1966-10-23,1966
187.0,2.0,9.0,9,0.0,McLaren-Ford,1966-10-23,1966
181.0,1.0,11.0,11,0.0,Brabham-BRM,1966-10-23,1966
183.0,1.0,10.0,10,0.0,Brabham-Climax,1966-10-23,1966
188.0,1.0,12.0,12,0.0,McLaren-Serenissima,1966-10-23,1966
91.0,0.0,15.0,15,0.0,Shannon,1966-10-23,1966
190.0,0.0,14.0,14,0.0,Eagle-Weslake,1966-10-23,1966
192.0,0.0,13.0,13,0.0,Cooper-Ferrari,1966-10-23,1966
191.0,63.0,1.0,1,4.0,Brabham-Repco,1967-10-22,1967
180.0,44.0,2.0,2,4.0,Lotus-Ford,1967-10-22,1967
167.0,28.0,3.0,3,1.0,Cooper-Maserati,1967-10-22,1967
6.0,20.0,5.0,5,0.0,Ferrari,1967-10-22,1967
11.0,20.0,4.0,4,1.0,Honda,1967-10-22,1967
66.0,17.0,6.0,6,0.0,BRM,1967-10-22,1967
190.0,13.0,7.0,7,1.0,Eagle-Weslake,1967-10-22,1967
170.0,6.0,9.0,9,0.0,Cooper-Climax,1967-10-22,1967
176.0,6.0,8.0,8,0.0,Lotus-BRM,1967-10-22,1967
194.0,3.0,10.0,10,0.0,McLaren-BRM,1967-10-22,1967
183.0,2.0,11.0,11,0.0,Brabham-Climax,1967-10-22,1967
26.0,0.0,14.0,14,0.0,Lola,1967-10-22,1967
82.0,0.0,18.0,18,0.0,Matra,1967-10-22,1967
90.0,0.0,19.0,19,0.0,Protos,1967-10-22,1967
172.0,0.0,16.0,16,0.0,Lotus-Climax,1967-10-22,1967
182.0,0.0,13.0,13,0.0,Brabham-Ford,1967-10-22,1967
184.0,0.0,15.0,15,0.0,LDS-Climax,1967-10-22,1967
187.0,0.0,12.0,12,0.0,McLaren-Ford,1967-10-22,1967
189.0,0.0,17.0,17,0.0,Eagle-Climax,1967-10-22,1967
193.0,0.0,20.0,20,0.0,Cooper-ATS,1967-10-22,1967
180.0,62.0,1.0,1,5.0,Lotus-Ford,1968-11-03,1968
187.0,49.0,2.0,2,3.0,McLaren-Ford,1968-11-03,1968
196.0,45.0,3.0,3,3.0,Matra-Ford,1968-11-03,1968
6.0,32.0,4.0,4,1.0,Ferrari,1968-11-03,1968
66.0,28.0,5.0,5,0.0,BRM,1968-11-03,1968
11.0,14.0,6.0,6,0.0,Honda,1968-11-03,1968
195.0,14.0,7.0,7,0.0,Cooper-BRM,1968-11-03,1968
191.0,10.0,8.0,8,0.0,Brabham-Repco,1968-11-03,1968
82.0,8.0,9.0,9,0.0,Matra,1968-11-03,1968
194.0,3.0,10.0,10,0.0,McLaren-BRM,1968-11-03,1968
1.0,0.0,14.0,14,0.0,McLaren,1968-11-03,1968
26.0,0.0,13.0,13,0.0,Lola,1968-11-03,1968
89.0,0.0,16.0,16,0.0,LDS,1968-11-03,1968
167.0,0.0,11.0,11,0.0,Cooper-Maserati,1968-11-03,1968
170.0,0.0,17.0,17,0.0,Cooper-Climax,1968-11-03,1968
183.0,0.0,15.0,15,0.0,Brabham-Climax,1968-11-03,1968
190.0,0.0,12.0,12,0.0,Eagle-Weslake,1968-11-03,1968
196.0,66.0,1.0,1,6.0,Matra-Ford,1969-10-19,1969
182.0,49.0,2.0,2,2.0,Brabham-Ford,1969-10-19,1969
180.0,47.0,3.0,3,2.0,Lotus-Ford,1969-10-19,1969
187.0,38.0,4.0,4,1.0,McLaren-Ford,1969-10-19,1969
6.0,7.0,6.0,6,0.0,Ferrari,1969-10-19,1969
66.0,7.0,5.0,5,0.0,BRM,1969-10-19,1969
167.0,0.0,7.0,7,0.0,Cooper-Maserati,1969-10-19,1969
183.0,0.0,10.0,10,0.0,Brabham-Climax,1969-10-19,1969
191.0,0.0,8.0,8,0.0,Brabham-Repco,1969-10-19,1969
197.0,0.0,9.0,9,0.0,BRM-Ford,1969-10-19,1969
32.0,59.0,1.0,1,6.0,Team Lotus,1970-10-25,1970
6.0,52.0,2.0,2,4.0,Ferrari,1970-10-25,1970
37.0,48.0,3.0,3,1.0,March,1970-10-25,1970
34.0,35.0,4.0,4,1.0,Brabham,1970-10-25,1970
187.0,35.0,5.0,5,0.0,McLaren-Ford,1970-10-25,1970
66.0,23.0,6.0,6,1.0,BRM,1970-10-25,1970
82.0,23.0,7.0,7,0.0,Matra,1970-10-25,1970
63.0,3.0,8.0,8,0.0,Surtees,1970-10-25,1970
25.0,0.0,11.0,11,0.0,Tyrrell,1970-10-25,1970
85.0,0.0,12.0,12,0.0,Bellasi,1970-10-25,1970
86.0,0.0,10.0,10,0.0,De Tomaso,1970-10-25,1970
198.0,0.0,9.0,9,0.0,McLaren-Alfa Romeo,1970-10-25,1970
25.0,73.0,1.0,1,7.0,Tyrrell,1971-10-03,1971
66.0,36.0,2.0,2,2.0,BRM,1971-10-03,1971
6.0,33.0,3.0,3,2.0,Ferrari,1971-10-03,1971
200.0,33.0,4.0,4,0.0,March-Ford,1971-10-03,1971
180.0,21.0,5.0,5,0.0,Lotus-Ford,1971-10-03,1971
1.0,10.0,6.0,6,0.0,McLaren,1971-10-03,1971
82.0,9.0,7.0,7,0.0,Matra,1971-10-03,1971
63.0,8.0,8.0,8,0.0,Surtees,1971-10-03,1971
34.0,5.0,9.0,9,0.0,Brabham,1971-10-03,1971
85.0,0.0,12.0,12,0.0,Bellasi,1971-10-03,1971
199.0,0.0,11.0,11,0.0,March-Alfa Romeo,1971-10-03,1971
201.0,0.0,10.0,10,0.0,Lotus-Pratt &amp; Whitney,1971-10-03,1971
32.0,61.0,1.0,1,5.0,Team Lotus,1972-10-08,1972
25.0,51.0,2.0,2,4.0,Tyrrell,1972-10-08,1972
1.0,47.0,3.0,3,1.0,McLaren,1972-10-08,1972
6.0,33.0,4.0,4,1.0,Ferrari,1972-10-08,1972
63.0,18.0,5.0,5,0.0,Surtees,1972-10-08,1972
37.0,15.0,6.0,6,0.0,March,1972-10-08,1972
66.0,14.0,7.0,7,1.0,BRM,1972-10-08,1972
82.0,12.0,8.0,8,0.0,Matra,1972-10-08,1972
34.0,7.0,9.0,9,0.0,Brabham,1972-10-08,1972
81.0,0.0,10.0,10,0.0,Tecno,1972-10-08,1972
83.0,0.0,12.0,12,0.0,Politoys,1972-10-08,1972
84.0,0.0,11.0,11,0.0,Connew,1972-10-08,1972
32.0,92.0,1.0,1,7.0,Team Lotus,1973-10-07,1973
25.0,82.0,2.0,2,5.0,Tyrrell,1973-10-07,1973
1.0,58.0,3.0,3,3.0,McLaren,1973-10-07,1973
34.0,22.0,4.0,4,0.0,Brabham,1973-10-07,1973
37.0,14.0,5.0,5,0.0,March,1973-10-07,1973
6.0,12.0,6.0,6,0.0,Ferrari,1973-10-07,1973
66.0,12.0,7.0,7,0.0,BRM,1973-10-07,1973
58.0,9.0,8.0,8,0.0,Shadow,1973-10-07,1973
63.0,7.0,9.0,9,0.0,Surtees,1973-10-07,1973
80.0,2.0,10.0,10,0.0,Iso Marlboro,1973-10-07,1973
81.0,1.0,11.0,11,0.0,Tecno,1973-10-07,1973
57.0,0.0,12.0,12,0.0,Ensign,1973-10-07,1973
1.0,73.0,1.0,1,4.0,McLaren,1974-10-06,1974
6.0,65.0,2.0,2,3.0,Ferrari,1974-10-06,1974
25.0,52.0,3.0,3,2.0,Tyrrell,1974-10-06,1974
32.0,42.0,4.0,4,3.0,Team Lotus,1974-10-06,1974
34.0,35.0,5.0,5,3.0,Brabham,1974-10-06,1974
64.0,15.0,6.0,6,0.0,Hesketh,1974-10-06,1974
66.0,10.0,7.0,7,0.0,BRM,1974-10-06,1974
58.0,7.0,8.0,8,0.0,Shadow,1974-10-06,1974
37.0,6.0,9.0,9,0.0,March,1974-10-06,1974
80.0,4.0,10.0,10,0.0,Iso Marlboro,1974-10-06,1974
63.0,3.0,11.0,11,0.0,Surtees,1974-10-06,1974
26.0,1.0,12.0,12,0.0,Lola,1974-10-06,1974
57.0,0.0,17.0,17,0.0,Ensign,1974-10-06,1974
67.0,0.0,15.0,15,0.0,Penske,1974-10-06,1974
73.0,0.0,13.0,13,0.0,Parnelli,1974-10-06,1974
74.0,0.0,20.0,20,0.0,Maki,1974-10-06,1974
76.0,0.0,19.0,19,0.0,Lyncar,1974-10-06,1974
77.0,0.0,14.0,14,0.0,Trojan,1974-10-06,1974
78.0,0.0,18.0,18,0.0,Amon,1974-10-06,1974
79.0,0.0,16.0,16,0.0,Token,1974-10-06,1974
6.0,72.5,1.0,1,6.0,Ferrari,1975-10-05,1975
34.0,54.0,2.0,2,2.0,Brabham,1975-10-05,1975
1.0,53.0,3.0,3,3.0,McLaren,1975-10-05,1975
64.0,33.0,4.0,4,1.0,Hesketh,1975-10-05,1975
25.0,25.0,5.0,5,1.0,Tyrrell,1975-10-05,1975
202.0,9.5,6.0,6,0.0,Shadow-Ford,1975-10-05,1975
32.0,9.0,7.0,7,0.0,Team Lotus,1975-10-05,1975
37.0,7.5,8.0,8,1.0,March,1975-10-05,1975
3.0,6.0,9.0,9,0.0,Williams,1975-10-05,1975
73.0,5.0,10.0,10,0.0,Parnelli,1975-10-05,1975
75.0,3.0,11.0,11,0.0,Embassy Hill,1975-10-05,1975
67.0,2.0,12.0,12,0.0,Penske,1975-10-05,1975
57.0,1.0,13.0,13,0.0,Ensign,1975-10-05,1975
26.0,0.0,17.0,17,0.0,Lola,1975-10-05,1975
56.0,0.0,16.0,16,0.0,Fittipaldi,1975-10-05,1975
63.0,0.0,14.0,14,0.0,Surtees,1975-10-05,1975
66.0,0.0,15.0,15,0.0,BRM,1975-10-05,1975
74.0,0.0,20.0,20,0.0,Maki,1975-10-05,1975
76.0,0.0,18.0,18,0.0,Lyncar,1975-10-05,1975
203.0,0.0,19.0,19,0.0,Shadow-Matra,1975-10-05,1975
6.0,83.0,1.0,1,6.0,Ferrari,1976-10-24,1976
1.0,74.0,2.0,2,6.0,McLaren,1976-10-24,1976
25.0,71.0,3.0,3,1.0,Tyrrell,1976-10-24,1976
32.0,29.0,4.0,4,1.0,Team Lotus,1976-10-24,1976
27.0,20.0,6.0,6,0.0,Ligier,1976-10-24,1976
67.0,20.0,5.0,5,1.0,Penske,1976-10-24,1976
37.0,19.0,7.0,7,1.0,March,1976-10-24,1976
58.0,10.0,8.0,8,0.0,Shadow,1976-10-24,1976
204.0,9.0,9.0,9,0.0,Brabham-Alfa Romeo,1976-10-24,1976
63.0,7.0,10.0,10,0.0,Surtees,1976-10-24,1976
56.0,3.0,11.0,11,0.0,Fittipaldi,1976-10-24,1976
57.0,2.0,12.0,12,0.0,Ensign,1976-10-24,1976
73.0,1.0,13.0,13,0.0,Parnelli,1976-10-24,1976
3.0,0.0,17.0,17,0.0,Williams,1976-10-24,1976
59.0,0.0,15.0,15,0.0,Wolf,1976-10-24,1976
64.0,0.0,14.0,14,0.0,Hesketh,1976-10-24,1976
66.0,0.0,20.0,20,0.0,BRM,1976-10-24,1976
70.0,0.0,16.0,16,0.0,Boro,1976-10-24,1976
72.0,0.0,18.0,18,0.0,Kojima,1976-10-24,1976
74.0,0.0,21.0,21,0.0,Maki,1976-10-24,1976
182.0,0.0,19.0,19,0.0,Brabham-Ford,1976-10-24,1976
6.0,95.0,1.0,1,4.0,Ferrari,1977-10-23,1977
32.0,62.0,2.0,2,5.0,Team Lotus,1977-10-23,1977
1.0,60.0,3.0,3,3.0,McLaren,1977-10-23,1977
59.0,55.0,4.0,4,3.0,Wolf,1977-10-23,1977
25.0,27.0,6.0,6,0.0,Tyrrell,1977-10-23,1977
34.0,27.0,5.0,5,0.0,Brabham,1977-10-23,1977
58.0,23.0,7.0,7,1.0,Shadow,1977-10-23,1977
27.0,18.0,8.0,8,1.0,Ligier,1977-10-23,1977
56.0,11.0,9.0,9,0.0,Fittipaldi,1977-10-23,1977
57.0,10.0,10.0,10,0.0,Ensign,1977-10-23,1977
63.0,6.0,11.0,11,0.0,Surtees,1977-10-23,1977
67.0,1.0,12.0,12,0.0,Penske,1977-10-23,1977
4.0,0.0,18.0,18,0.0,Renault,1977-10-23,1977
37.0,0.0,13.0,13,0.0,March,1977-10-23,1977
64.0,0.0,14.0,14,0.0,Hesketh,1977-10-23,1977
66.0,0.0,17.0,17,0.0,BRM,1977-10-23,1977
68.0,0.0,16.0,16,0.0,LEC,1977-10-23,1977
69.0,0.0,21.0,21,0.0,McGuire,1977-10-23,1977
70.0,0.0,19.0,19,0.0,Boro,1977-10-23,1977
71.0,0.0,20.0,20,0.0,Apollon,1977-10-23,1977
72.0,0.0,15.0,15,0.0,Kojima,1977-10-23,1977
32.0,86.0,1.0,1,8.0,Team Lotus,1978-10-08,1978
6.0,58.0,2.0,2,5.0,Ferrari,1978-10-08,1978
34.0,53.0,3.0,3,2.0,Brabham,1978-10-08,1978
25.0,38.0,4.0,4,1.0,Tyrrell,1978-10-08,1978
59.0,24.0,5.0,5,0.0,Wolf,1978-10-08,1978
27.0,19.0,6.0,6,0.0,Ligier,1978-10-08,1978
56.0,17.0,7.0,7,0.0,Fittipaldi,1978-10-08,1978
1.0,15.0,8.0,8,0.0,McLaren,1978-10-08,1978
3.0,11.0,9.0,9,0.0,Williams,1978-10-08,1978
21.0,11.0,10.0,10,0.0,Arrows,1978-10-08,1978
58.0,6.0,11.0,11,0.0,Shadow,1978-10-08,1978
4.0,3.0,12.0,12,0.0,Renault,1978-10-08,1978
57.0,1.0,14.0,14,0.0,Ensign,1978-10-08,1978
63.0,1.0,13.0,13,0.0,Surtees,1978-10-08,1978
54.0,0.0,15.0,15,0.0,ATS,1978-10-08,1978
55.0,0.0,18.0,18,0.0,Theodore,1978-10-08,1978
60.0,0.0,17.0,17,0.0,Merzario,1978-10-08,1978
64.0,0.0,19.0,19,0.0,Hesketh,1978-10-08,1978
65.0,0.0,16.0,16,0.0,Martini,1978-10-08,1978
6.0,113.0,1.0,1,6.0,Ferrari,1979-10-07,1979
3.0,75.0,2.0,2,5.0,Williams,1979-10-07,1979
27.0,61.0,3.0,3,3.0,Ligier,1979-10-07,1979
32.0,39.0,4.0,4,0.0,Team Lotus,1979-10-07,1979
25.0,28.0,5.0,5,0.0,Tyrrell,1979-10-07,1979
4.0,26.0,6.0,6,1.0,Renault,1979-10-07,1979
1.0,15.0,7.0,7,0.0,McLaren,1979-10-07,1979
204.0,7.0,8.0,8,0.0,Brabham-Alfa Romeo,1979-10-07,1979
21.0,5.0,9.0,9,0.0,Arrows,1979-10-07,1979
58.0,3.0,10.0,10,0.0,Shadow,1979-10-07,1979
54.0,2.0,11.0,11,0.0,ATS,1979-10-07,1979
56.0,1.0,12.0,12,0.0,Fittipaldi,1979-10-07,1979
51.0,0.0,16.0,16,0.0,Alfa Romeo,1979-10-07,1979
57.0,0.0,15.0,15,0.0,Ensign,1979-10-07,1979
59.0,0.0,14.0,14,0.0,Wolf,1979-10-07,1979
60.0,0.0,18.0,18,0.0,Merzario,1979-10-07,1979
61.0,0.0,19.0,19,0.0,Kauhsen,1979-10-07,1979
62.0,0.0,17.0,17,0.0,Rebaque,1979-10-07,1979
182.0,0.0,13.0,13,0.0,Brabham-Ford,1979-10-07,1979
3.0,120.0,1.0,1,6.0,Williams,1980-10-05,1980
27.0,66.0,2.0,2,2.0,Ligier,1980-10-05,1980
34.0,55.0,3.0,3,3.0,Brabham,1980-10-05,1980
4.0,38.0,4.0,4,3.0,Renault,1980-10-05,1980
32.0,14.0,5.0,5,0.0,Team Lotus,1980-10-05,1980
25.0,12.0,6.0,6,0.0,Tyrrell,1980-10-05,1980
1.0,11.0,9.0,9,0.0,McLaren,1980-10-05,1980
21.0,11.0,7.0,7,0.0,Arrows,1980-10-05,1980
56.0,11.0,8.0,8,0.0,Fittipaldi,1980-10-05,1980
6.0,8.0,10.0,10,0.0,Ferrari,1980-10-05,1980
51.0,4.0,11.0,11,0.0,Alfa Romeo,1980-10-05,1980
45.0,0.0,14.0,14,0.0,Osella,1980-10-05,1980
54.0,0.0,12.0,12,0.0,ATS,1980-10-05,1980
57.0,0.0,13.0,13,0.0,Ensign,1980-10-05,1980
58.0,0.0,15.0,15,0.0,Shadow,1980-10-05,1980
3.0,95.0,1.0,1,4.0,Williams,1981-10-17,1981
34.0,61.0,2.0,2,3.0,Brabham,1981-10-17,1981
4.0,54.0,3.0,3,3.0,Renault,1981-10-17,1981
27.0,44.0,4.0,4,2.0,Ligier,1981-10-17,1981
6.0,34.0,5.0,5,2.0,Ferrari,1981-10-17,1981
1.0,28.0,6.0,6,1.0,McLaren,1981-10-17,1981
32.0,22.0,7.0,7,0.0,Team Lotus,1981-10-17,1981
21.0,10.0,8.0,8,0.0,Arrows,1981-10-17,1981
25.0,10.0,10.0,10,0.0,Tyrrell,1981-10-17,1981
51.0,10.0,9.0,9,0.0,Alfa Romeo,1981-10-17,1981
57.0,5.0,11.0,11,0.0,Ensign,1981-10-17,1981
54.0,1.0,13.0,13,0.0,ATS,1981-10-17,1981
55.0,1.0,12.0,12,0.0,Theodore,1981-10-17,1981
37.0,0.0,14.0,14,0.0,March,1981-10-17,1981
45.0,0.0,16.0,16,0.0,Osella,1981-10-17,1981
53.0,0.0,17.0,17,0.0,Toleman,1981-10-17,1981
56.0,0.0,15.0,15,0.0,Fittipaldi,1981-10-17,1981
6.0,74.0,1.0,1,3.0,Ferrari,1982-09-25,1982
1.0,69.0,2.0,2,4.0,McLaren,1982-09-25,1982
4.0,62.0,3.0,3,4.0,Renault,1982-09-25,1982
3.0,58.0,4.0,4,1.0,Williams,1982-09-25,1982
34.0,41.0,5.0,5,2.0,Brabham,1982-09-25,1982
32.0,30.0,6.0,6,1.0,Team Lotus,1982-09-25,1982
25.0,25.0,7.0,7,1.0,Tyrrell,1982-09-25,1982
27.0,20.0,8.0,8,0.0,Ligier,1982-09-25,1982
51.0,7.0,9.0,9,0.0,Alfa Romeo,1982-09-25,1982
21.0,5.0,10.0,10,0.0,Arrows,1982-09-25,1982
54.0,4.0,11.0,11,0.0,ATS,1982-09-25,1982
45.0,3.0,12.0,12,0.0,Osella,1982-09-25,1982
56.0,1.0,13.0,13,0.0,Fittipaldi,1982-09-25,1982
37.0,0.0,14.0,14,0.0,March,1982-09-25,1982
53.0,0.0,16.0,16,0.0,Toleman,1982-09-25,1982
55.0,0.0,17.0,17,0.0,Theodore,1982-09-25,1982
57.0,0.0,15.0,15,0.0,Ensign,1982-09-25,1982
6.0,89.0,1.0,1,4.0,Ferrari,1983-10-15,1983
4.0,79.0,2.0,2,4.0,Renault,1983-10-15,1983
34.0,72.0,3.0,3,4.0,Brabham,1983-10-15,1983
3.0,38.0,4.0,4,1.0,Williams,1983-10-15,1983
1.0,34.0,5.0,5,1.0,McLaren,1983-10-15,1983
51.0,18.0,6.0,6,0.0,Alfa Romeo,1983-10-15,1983
25.0,12.0,7.0,7,1.0,Tyrrell,1983-10-15,1983
32.0,12.0,8.0,8,0.0,Team Lotus,1983-10-15,1983
53.0,10.0,9.0,9,0.0,Toleman,1983-10-15,1983
21.0,4.0,10.0,10,0.0,Arrows,1983-10-15,1983
55.0,1.0,11.0,11,0.0,Theodore,1983-10-15,1983
27.0,0.0,12.0,12,0.0,Ligier,1983-10-15,1983
45.0,0.0,15.0,15,0.0,Osella,1983-10-15,1983
50.0,0.0,16.0,16,0.0,RAM,1983-10-15,1983
52.0,0.0,13.0,13,0.0,Spirit,1983-10-15,1983
54.0,0.0,14.0,14,0.0,ATS,1983-10-15,1983
1.0,143.5,1.0,1,12.0,McLaren,1984-10-21,1984
6.0,57.5,2.0,2,1.0,Ferrari,1984-10-21,1984
32.0,47.0,3.0,3,0.0,Team Lotus,1984-10-21,1984
34.0,38.0,4.0,4,2.0,Brabham,1984-10-21,1984
4.0,34.0,5.0,5,0.0,Renault,1984-10-21,1984
3.0,25.5,6.0,6,1.0,Williams,1984-10-21,1984
53.0,16.0,7.0,7,0.0,Toleman,1984-10-21,1984
51.0,11.0,8.0,8,0.0,Alfa Romeo,1984-10-21,1984
21.0,6.0,9.0,9,0.0,Arrows,1984-10-21,1984
27.0,3.0,10.0,10,0.0,Ligier,1984-10-21,1984
45.0,2.0,11.0,11,0.0,Osella,1984-10-21,1984
25.0,0.0,15.0,15,0.0,Tyrrell,1984-10-21,1984
50.0,0.0,14.0,14,0.0,RAM,1984-10-21,1984
52.0,0.0,13.0,13,0.0,Spirit,1984-10-21,1984
54.0,0.0,12.0,12,0.0,ATS,1984-10-21,1984
1.0,90.0,1.0,1,6.0,McLaren,1985-11-03,1985
6.0,82.0,2.0,2,2.0,Ferrari,1985-11-03,1985
3.0,71.0,3.0,3,4.0,Williams,1985-11-03,1985
32.0,71.0,4.0,4,3.0,Team Lotus,1985-11-03,1985
34.0,26.0,5.0,5,1.0,Brabham,1985-11-03,1985
27.0,23.0,6.0,6,0.0,Ligier,1985-11-03,1985
4.0,16.0,7.0,7,0.0,Renault,1985-11-03,1985
21.0,14.0,8.0,8,0.0,Arrows,1985-11-03,1985
25.0,7.0,9.0,9,0.0,Tyrrell,1985-11-03,1985
18.0,0.0,11.0,11,0.0,Minardi,1985-11-03,1985
26.0,0.0,17.0,17,0.0,Lola,1985-11-03,1985
45.0,0.0,10.0,10,0.0,Osella,1985-11-03,1985
49.0,0.0,14.0,14,0.0,Zakspeed,1985-11-03,1985
50.0,0.0,13.0,13,0.0,RAM,1985-11-03,1985
51.0,0.0,12.0,12,0.0,Alfa Romeo,1985-11-03,1985
52.0,0.0,16.0,16,0.0,Spirit,1985-11-03,1985
53.0,0.0,15.0,15,0.0,Toleman,1985-11-03,1985
3.0,141.0,1.0,1,9.0,Williams,1986-10-26,1986
1.0,96.0,2.0,2,4.0,McLaren,1986-10-26,1986
32.0,58.0,3.0,3,2.0,Team Lotus,1986-10-26,1986
6.0,37.0,4.0,4,0.0,Ferrari,1986-10-26,1986
27.0,29.0,5.0,5,0.0,Ligier,1986-10-26,1986
22.0,19.0,6.0,6,1.0,Benetton,1986-10-26,1986
25.0,11.0,7.0,7,0.0,Tyrrell,1986-10-26,1986
26.0,6.0,8.0,8,0.0,Lola,1986-10-26,1986
34.0,2.0,9.0,9,0.0,Brabham,1986-10-26,1986
21.0,1.0,10.0,10,0.0,Arrows,1986-10-26,1986
18.0,0.0,12.0,12,0.0,Minardi,1986-10-26,1986
39.0,0.0,14.0,14,0.0,AGS,1986-10-26,1986
45.0,0.0,13.0,13,0.0,Osella,1986-10-26,1986
49.0,0.0,11.0,11,0.0,Zakspeed,1986-10-26,1986
3.0,137.0,1.0,1,9.0,Williams,1987-11-15,1987
1.0,76.0,2.0,2,3.0,McLaren,1987-11-15,1987
32.0,64.0,3.0,3,2.0,Team Lotus,1987-11-15,1987
6.0,53.0,4.0,4,2.0,Ferrari,1987-11-15,1987
22.0,28.0,5.0,5,0.0,Benetton,1987-11-15,1987
21.0,11.0,7.0,7,0.0,Arrows,1987-11-15,1987
25.0,11.0,6.0,6,0.0,Tyrrell,1987-11-15,1987
34.0,10.0,8.0,8,0.0,Brabham,1987-11-15,1987
33.0,3.0,9.0,9,0.0,Larrousse,1987-11-15,1987
49.0,2.0,10.0,10,0.0,Zakspeed,1987-11-15,1987
27.0,1.0,11.0,11,0.0,Ligier,1987-11-15,1987
37.0,1.0,13.0,13,0.0,March,1987-11-15,1987
39.0,1.0,12.0,12,0.0,AGS,1987-11-15,1987
18.0,0.0,14.0,14,0.0,Minardi,1987-11-15,1987
42.0,0.0,16.0,16,0.0,Coloni,1987-11-15,1987
45.0,0.0,15.0,15,0.0,Osella,1987-11-15,1987
1.0,199.0,1.0,1,15.0,McLaren,1988-11-13,1988
6.0,65.0,2.0,2,1.0,Ferrari,1988-11-13,1988
22.0,39.0,3.0,3,0.0,Benetton,1988-11-13,1988
21.0,23.0,5.0,5,0.0,Arrows,1988-11-13,1988
32.0,23.0,4.0,4,0.0,Team Lotus,1988-11-13,1988
37.0,22.0,6.0,6,0.0,March,1988-11-13,1988
3.0,20.0,7.0,7,0.0,Williams,1988-11-13,1988
25.0,5.0,8.0,8,0.0,Tyrrell,1988-11-13,1988
48.0,3.0,9.0,9,0.0,Rial,1988-11-13,1988
18.0,1.0,10.0,10,0.0,Minardi,1988-11-13,1988
27.0,0.0,15.0,15,0.0,Ligier,1988-11-13,1988
33.0,0.0,11.0,11,0.0,Larrousse,1988-11-13,1988
35.0,0.0,12.0,12,0.0,Dallara,1988-11-13,1988
39.0,0.0,13.0,13,0.0,AGS,1988-11-13,1988
42.0,0.0,14.0,14,0.0,Coloni,1988-11-13,1988
44.0,0.0,17.0,17,0.0,Euro Brun,1988-11-13,1988
45.0,0.0,16.0,16,0.0,Osella,1988-11-13,1988
49.0,0.0,18.0,18,0.0,Zakspeed,1988-11-13,1988
1.0,141.0,1.0,1,10.0,McLaren,1989-11-05,1989
3.0,77.0,2.0,2,2.0,Williams,1989-11-05,1989
6.0,59.0,3.0,3,3.0,Ferrari,1989-11-05,1989
22.0,39.0,4.0,4,1.0,Benetton,1989-11-05,1989
25.0,16.0,5.0,5,0.0,Tyrrell,1989-11-05,1989
32.0,15.0,6.0,6,0.0,Team Lotus,1989-11-05,1989
21.0,13.0,7.0,7,0.0,Arrows,1989-11-05,1989
34.0,8.0,9.0,9,0.0,Brabham,1989-11-05,1989
35.0,8.0,8.0,8,0.0,Dallara,1989-11-05,1989
18.0,6.0,11.0,11,0.0,Minardi,1989-11-05,1989
46.0,6.0,10.0,10,0.0,Onyx,1989-11-05,1989
37.0,4.0,12.0,12,0.0,March,1989-11-05,1989
27.0,3.0,14.0,14,0.0,Ligier,1989-11-05,1989
48.0,3.0,13.0,13,0.0,Rial,1989-11-05,1989
33.0,1.0,16.0,16,0.0,Larrousse,1989-11-05,1989
39.0,1.0,15.0,15,0.0,AGS,1989-11-05,1989
42.0,0.0,18.0,18,0.0,Coloni,1989-11-05,1989
44.0,0.0,20.0,20,0.0,Euro Brun,1989-11-05,1989
45.0,0.0,17.0,17,0.0,Osella,1989-11-05,1989
49.0,0.0,19.0,19,0.0,Zakspeed,1989-11-05,1989
1.0,121.0,1.0,1,6.0,McLaren,1990-11-04,1990
6.0,110.0,2.0,2,6.0,Ferrari,1990-11-04,1990
22.0,71.0,3.0,3,2.0,Benetton,1990-11-04,1990
3.0,57.0,4.0,4,2.0,Williams,1990-11-04,1990
25.0,16.0,5.0,5,0.0,Tyrrell,1990-11-04,1990
33.0,11.0,6.0,6,0.0,Larrousse,1990-11-04,1990
41.0,7.0,7.0,7,0.0,Leyton House,1990-11-04,1990
32.0,3.0,8.0,8,0.0,Team Lotus,1990-11-04,1990
21.0,2.0,9.0,9,0.0,Arrows,1990-11-04,1990
34.0,2.0,10.0,10,0.0,Brabham,1990-11-04,1990
18.0,0.0,12.0,12,0.0,Minardi,1990-11-04,1990
27.0,0.0,11.0,11,0.0,Ligier,1990-11-04,1990
35.0,0.0,15.0,15,0.0,Dallara,1990-11-04,1990
39.0,0.0,14.0,14,0.0,AGS,1990-11-04,1990
42.0,0.0,18.0,18,0.0,Coloni,1990-11-04,1990
44.0,0.0,17.0,17,0.0,Euro Brun,1990-11-04,1990
45.0,0.0,16.0,16,0.0,Osella,1990-11-04,1990
46.0,0.0,13.0,13,0.0,Onyx,1990-11-04,1990
47.0,0.0,19.0,19,0.0,Life,1990-11-04,1990
1.0,139.0,1.0,1,8.0,McLaren,1991-11-03,1991
3.0,125.0,2.0,2,7.0,Williams,1991-11-03,1991
6.0,55.5,3.0,3,0.0,Ferrari,1991-11-03,1991
22.0,38.5,4.0,4,1.0,Benetton,1991-11-03,1991
17.0,13.0,5.0,5,0.0,Jordan,1991-11-03,1991
25.0,12.0,6.0,6,0.0,Tyrrell,1991-11-03,1991
18.0,6.0,7.0,7,0.0,Minardi,1991-11-03,1991
35.0,5.0,8.0,8,0.0,Dallara,1991-11-03,1991
32.0,3.0,9.0,9,0.0,Team Lotus,1991-11-03,1991
34.0,3.0,10.0,10,0.0,Brabham,1991-11-03,1991
26.0,1.0,12.0,12,0.0,Lola,1991-11-03,1991
33.0,1.0,13.0,13,0.0,Larrousse,1991-11-03,1991
41.0,1.0,11.0,11,0.0,Leyton House,1991-11-03,1991
27.0,0.0,14.0,14,0.0,Ligier,1991-11-03,1991
29.0,0.0,18.0,18,0.0,Footwork,1991-11-03,1991
36.0,0.0,17.0,17,0.0,Fondmetal,1991-11-03,1991
39.0,0.0,16.0,16,0.0,AGS,1991-11-03,1991
40.0,0.0,15.0,15,0.0,Lambo,1991-11-03,1991
42.0,0.0,19.0,19,0.0,Coloni,1991-11-03,1991
3.0,164.0,1.0,1,10.0,Williams,1992-11-08,1992
1.0,99.0,2.0,2,5.0,McLaren,1992-11-08,1992
22.0,91.0,3.0,3,1.0,Benetton,1992-11-08,1992
6.0,21.0,4.0,4,0.0,Ferrari,1992-11-08,1992
32.0,13.0,5.0,5,0.0,Team Lotus,1992-11-08,1992
25.0,8.0,6.0,6,0.0,Tyrrell,1992-11-08,1992
27.0,6.0,8.0,8,0.0,Ligier,1992-11-08,1992
29.0,6.0,7.0,7,0.0,Footwork,1992-11-08,1992
37.0,3.0,9.0,9,0.0,March,1992-11-08,1992
35.0,2.0,10.0,10,0.0,Dallara,1992-11-08,1992
17.0,1.0,11.0,11,0.0,Jordan,1992-11-08,1992
18.0,1.0,12.0,12,0.0,Minardi,1992-11-08,1992
33.0,1.0,13.0,13,0.0,Larrousse,1992-11-08,1992
34.0,0.0,15.0,15,0.0,Brabham,1992-11-08,1992
36.0,0.0,14.0,14,0.0,Fondmetal,1992-11-08,1992
3.0,168.0,1.0,1,10.0,Williams,1993-11-07,1993
1.0,84.0,2.0,2,5.0,McLaren,1993-11-07,1993
22.0,72.0,3.0,3,1.0,Benetton,1993-11-07,1993
6.0,28.0,4.0,4,0.0,Ferrari,1993-11-07,1993
27.0,23.0,5.0,5,0.0,Ligier,1993-11-07,1993
15.0,12.0,7.0,7,0.0,Sauber,1993-11-07,1993
32.0,12.0,6.0,6,0.0,Team Lotus,1993-11-07,1993
18.0,7.0,8.0,8,0.0,Minardi,1993-11-07,1993
29.0,4.0,9.0,9,0.0,Footwork,1993-11-07,1993
17.0,3.0,11.0,11,0.0,Jordan,1993-11-07,1993
33.0,3.0,10.0,10,0.0,Larrousse,1993-11-07,1993
25.0,0.0,13.0,13,0.0,Tyrrell,1993-11-07,1993
26.0,0.0,12.0,12,0.0,Lola,1993-11-07,1993
3.0,118.0,1.0,1,7.0,Williams,1994-11-13,1994
22.0,103.0,2.0,2,8.0,Benetton,1994-11-13,1994
6.0,71.0,3.0,3,1.0,Ferrari,1994-11-13,1994
1.0,42.0,4.0,4,0.0,McLaren,1994-11-13,1994
17.0,28.0,5.0,5,0.0,Jordan,1994-11-13,1994
25.0,13.0,7.0,7,0.0,Tyrrell,1994-11-13,1994
27.0,13.0,6.0,6,0.0,Ligier,1994-11-13,1994
15.0,12.0,8.0,8,0.0,Sauber,1994-11-13,1994
29.0,9.0,9.0,9,0.0,Footwork,1994-11-13,1994
18.0,5.0,10.0,10,0.0,Minardi,1994-11-13,1994
33.0,2.0,11.0,11,0.0,Larrousse,1994-11-13,1994
30.0,0.0,14.0,14,0.0,Pacific,1994-11-13,1994
31.0,0.0,13.0,13,0.0,Simtek,1994-11-13,1994
32.0,0.0,12.0,12,0.0,Team Lotus,1994-11-13,1994
22.0,147.0,1.0,1,11.0,Benetton,1995-11-12,1995
3.0,118.0,2.0,2,5.0,Williams,1995-11-12,1995
6.0,73.0,3.0,3,1.0,Ferrari,1995-11-12,1995
1.0,30.0,4.0,4,0.0,McLaren,1995-11-12,1995
27.0,24.0,5.0,5,0.0,Ligier,1995-11-12,1995
17.0,21.0,6.0,6,0.0,Jordan,1995-11-12,1995
15.0,18.0,7.0,7,0.0,Sauber,1995-11-12,1995
25.0,5.0,9.0,9,0.0,Tyrrell,1995-11-12,1995
29.0,5.0,8.0,8,0.0,Footwork,1995-11-12,1995
18.0,1.0,10.0,10,0.0,Minardi,1995-11-12,1995
28.0,0.0,11.0,11,0.0,Forti,1995-11-12,1995
30.0,0.0,12.0,12,0.0,Pacific,1995-11-12,1995
31.0,0.0,13.0,13,0.0,Simtek,1995-11-12,1995
3.0,175.0,1.0,1,12.0,Williams,1996-10-13,1996
6.0,70.0,2.0,2,3.0,Ferrari,1996-10-13,1996
22.0,68.0,3.0,3,0.0,Benetton,1996-10-13,1996
1.0,49.0,4.0,4,0.0,McLaren,1996-10-13,1996
17.0,22.0,5.0,5,0.0,Jordan,1996-10-13,1996
27.0,15.0,6.0,6,1.0,Ligier,1996-10-13,1996
15.0,11.0,7.0,7,0.0,Sauber,1996-10-13,1996
25.0,5.0,8.0,8,0.0,Tyrrell,1996-10-13,1996
29.0,1.0,9.0,9,0.0,Footwork,1996-10-13,1996
18.0,0.0,10.0,10,0.0,Minardi,1996-10-13,1996
28.0,0.0,11.0,11,0.0,Forti,1996-10-13,1996
3.0,123.0,1.0,1,8.0,Williams,1997-10-26,1997
6.0,102.0,2.0,2,5.0,Ferrari,1997-10-26,1997
22.0,67.0,3.0,3,1.0,Benetton,1997-10-26,1997
1.0,63.0,4.0,4,3.0,McLaren,1997-10-26,1997
17.0,33.0,5.0,5,0.0,Jordan,1997-10-26,1997
20.0,21.0,6.0,6,0.0,Prost,1997-10-26,1997
15.0,16.0,7.0,7,0.0,Sauber,1997-10-26,1997
21.0,9.0,8.0,8,0.0,Arrows,1997-10-26,1997
24.0,6.0,9.0,9,0.0,Stewart,1997-10-26,1997
25.0,2.0,10.0,10,0.0,Tyrrell,1997-10-26,1997
18.0,0.0,11.0,11,0.0,Minardi,1997-10-26,1997
26.0,0.0,12.0,12,0.0,Lola,1997-10-26,1997
1.0,156.0,1.0,1,9.0,McLaren,1998-11-01,1998
6.0,133.0,2.0,2,6.0,Ferrari,1998-11-01,1998
3.0,38.0,3.0,3,0.0,Williams,1998-11-01,1998
17.0,34.0,4.0,4,1.0,Jordan,1998-11-01,1998
22.0,33.0,5.0,5,0.0,Benetton,1998-11-01,1998
15.0,10.0,6.0,6,0.0,Sauber,1998-11-01,1998
21.0,6.0,7.0,7,0.0,Arrows,1998-11-01,1998
24.0,5.0,8.0,8,0.0,Stewart,1998-11-01,1998
20.0,1.0,9.0,9,0.0,Prost,1998-11-01,1998
18.0,0.0,10.0,10,0.0,Minardi,1998-11-01,1998
25.0,0.0,11.0,11,0.0,Tyrrell,1998-11-01,1998
6.0,128.0,1.0,1,6.0,Ferrari,1999-10-31,1999
1.0,124.0,2.0,2,7.0,McLaren,1999-10-31,1999
17.0,61.0,3.0,3,2.0,Jordan,1999-10-31,1999
24.0,36.0,4.0,4,1.0,Stewart,1999-10-31,1999
3.0,35.0,5.0,5,0.0,Williams,1999-10-31,1999
22.0,16.0,6.0,6,0.0,Benetton,1999-10-31,1999
20.0,9.0,7.0,7,0.0,Prost,1999-10-31,1999
15.0,5.0,8.0,8,0.0,Sauber,1999-10-31,1999
18.0,1.0,10.0,10,0.0,Minardi,1999-10-31,1999
21.0,1.0,9.0,9,0.0,Arrows,1999-10-31,1999
16.0,0.0,11.0,11,0.0,BAR,1999-10-31,1999
6.0,170.0,1.0,1,10.0,Ferrari,2000-10-22,2000
1.0,162.0,2.0,2,7.0,McLaren,2000-10-22,2000
3.0,36.0,3.0,3,0.0,Williams,2000-10-22,2000
16.0,20.0,5.0,5,0.0,BAR,2000-10-22,2000
22.0,20.0,4.0,4,0.0,Benetton,2000-10-22,2000
17.0,17.0,6.0,6,0.0,Jordan,2000-10-22,2000
21.0,7.0,7.0,7,0.0,Arrows,2000-10-22,2000
15.0,6.0,8.0,8,0.0,Sauber,2000-10-22,2000
19.0,4.0,9.0,9,0.0,Jaguar,2000-10-22,2000
18.0,0.0,10.0,10,0.0,Minardi,2000-10-22,2000
20.0,0.0,11.0,11,0.0,Prost,2000-10-22,2000
6.0,179.0,1.0,1,9.0,Ferrari,2001-10-14,2001
1.0,102.0,2.0,2,4.0,McLaren,2001-10-14,2001
3.0,80.0,3.0,3,4.0,Williams,2001-10-14,2001
15.0,21.0,4.0,4,0.0,Sauber,2001-10-14,2001
17.0,19.0,5.0,5,0.0,Jordan,2001-10-14,2001
16.0,17.0,6.0,6,0.0,BAR,2001-10-14,2001
22.0,10.0,7.0,7,0.0,Benetton,2001-10-14,2001
19.0,9.0,8.0,8,0.0,Jaguar,2001-10-14,2001
20.0,4.0,9.0,9,0.0,Prost,2001-10-14,2001
21.0,1.0,10.0,10,0.0,Arrows,2001-10-14,2001
18.0,0.0,11.0,11,0.0,Minardi,2001-10-14,2001
6.0,221.0,1.0,1,15.0,Ferrari,2002-10-13,2002
3.0,92.0,2.0,2,1.0,Williams,2002-10-13,2002
1.0,65.0,3.0,3,1.0,McLaren,2002-10-13,2002
4.0,23.0,4.0,4,0.0,Renault,2002-10-13,2002
15.0,11.0,5.0,5,0.0,Sauber,2002-10-13,2002
17.0,9.0,6.0,6,0.0,Jordan,2002-10-13,2002
19.0,8.0,7.0,7,0.0,Jaguar,2002-10-13,2002
16.0,7.0,8.0,8,0.0,BAR,2002-10-13,2002
7.0,2.0,10.0,10,0.0,Toyota,2002-10-13,2002
18.0,2.0,9.0,9,0.0,Minardi,2002-10-13,2002
21.0,2.0,11.0,11,0.0,Arrows,2002-10-13,2002
6.0,158.0,1.0,1,8.0,Ferrari,2003-10-12,2003
3.0,144.0,2.0,2,4.0,Williams,2003-10-12,2003
1.0,142.0,3.0,3,2.0,McLaren,2003-10-12,2003
4.0,88.0,4.0,4,1.0,Renault,2003-10-12,2003
16.0,26.0,5.0,5,0.0,BAR,2003-10-12,2003
15.0,19.0,6.0,6,0.0,Sauber,2003-10-12,2003
19.0,18.0,7.0,7,0.0,Jaguar,2003-10-12,2003
7.0,16.0,8.0,8,0.0,Toyota,2003-10-12,2003
17.0,13.0,9.0,9,1.0,Jordan,2003-10-12,2003
18.0,0.0,10.0,10,0.0,Minardi,2003-10-12,2003
6.0,262.0,1.0,1,15.0,Ferrari,2004-10-24,2004
16.0,119.0,2.0,2,0.0,BAR,2004-10-24,2004
4.0,105.0,3.0,3,1.0,Renault,2004-10-24,2004
3.0,88.0,4.0,4,1.0,Williams,2004-10-24,2004
1.0,69.0,5.0,5,1.0,McLaren,2004-10-24,2004
15.0,34.0,6.0,6,0.0,Sauber,2004-10-24,2004
19.0,10.0,7.0,7,0.0,Jaguar,2004-10-24,2004
7.0,9.0,8.0,8,0.0,Toyota,2004-10-24,2004
17.0,5.0,9.0,9,0.0,Jordan,2004-10-24,2004
18.0,1.0,10.0,10,0.0,Minardi,2004-10-24,2004
4.0,191.0,1.0,1,8.0,Renault,2005-10-16,2005
1.0,182.0,2.0,2,10.0,McLaren,2005-10-16,2005
6.0,100.0,3.0,3,1.0,Ferrari,2005-10-16,2005
7.0,88.0,4.0,4,0.0,Toyota,2005-10-16,2005
3.0,66.0,5.0,5,0.0,Williams,2005-10-16,2005
16.0,38.0,6.0,6,0.0,BAR,2005-10-16,2005
9.0,34.0,7.0,7,0.0,Red Bull,2005-10-16,2005
15.0,20.0,8.0,8,0.0,Sauber,2005-10-16,2005
17.0,12.0,9.0,9,0.0,Jordan,2005-10-16,2005
18.0,7.0,10.0,10,0.0,Minardi,2005-10-16,2005
4.0,206.0,1.0,1,8.0,Renault,2006-10-22,2006
6.0,201.0,2.0,2,9.0,Ferrari,2006-10-22,2006
1.0,110.0,3.0,3,0.0,McLaren,2006-10-22,2006
11.0,86.0,4.0,4,1.0,Honda,2006-10-22,2006
2.0,36.0,5.0,5,0.0,BMW Sauber,2006-10-22,2006
7.0,35.0,6.0,6,0.0,Toyota,2006-10-22,2006
9.0,16.0,7.0,7,0.0,Red Bull,2006-10-22,2006
3.0,11.0,8.0,8,0.0,Williams,2006-10-22,2006
5.0,1.0,9.0,9,0.0,Toro Rosso,2006-10-22,2006
8.0,0.0,11.0,11,0.0,Super Aguri,2006-10-22,2006
13.0,0.0,10.0,10,0.0,MF1,2006-10-22,2006
14.0,0.0,12.0,12,0.0,Spyker MF1,2006-10-22,2006
1.0,218.0,11.0,E,8.0,McLaren,2007-10-21,2007
6.0,204.0,1.0,1,9.0,Ferrari,2007-10-21,2007
2.0,101.0,2.0,2,0.0,BMW Sauber,2007-10-21,2007
4.0,51.0,3.0,3,0.0,Renault,2007-10-21,2007
3.0,33.0,4.0,4,0.0,Williams,2007-10-21,2007
9.0,24.0,5.0,5,0.0,Red Bull,2007-10-21,2007
7.0,13.0,6.0,6,0.0,Toyota,2007-10-21,2007
5.0,8.0,7.0,7,0.0,Toro Rosso,2007-10-21,2007
11.0,6.0,8.0,8,0.0,Honda,2007-10-21,2007
8.0,4.0,9.0,9,0.0,Super Aguri,2007-10-21,2007
12.0,1.0,10.0,10,0.0,Spyker,2007-10-21,2007
6.0,172.0,1.0,1,8.0,Ferrari,2008-11-02,2008
1.0,151.0,2.0,2,6.0,McLaren,2008-11-02,2008
2.0,135.0,3.0,3,1.0,BMW Sauber,2008-11-02,2008
4.0,80.0,4.0,4,2.0,Renault,2008-11-02,2008
7.0,56.0,5.0,5,0.0,Toyota,2008-11-02,2008
5.0,39.0,6.0,6,1.0,Toro Rosso,2008-11-02,2008
9.0,29.0,7.0,7,0.0,Red Bull,2008-11-02,2008
3.0,26.0,8.0,8,0.0,Williams,2008-11-02,2008
11.0,14.0,9.0,9,0.0,Honda,2008-11-02,2008
8.0,0.0,11.0,11,0.0,Super Aguri,2008-11-02,2008
10.0,0.0,10.0,10,0.0,Force India,2008-11-02,2008
23.0,172.0,1.0,1,8.0,Brawn,2009-11-01,2009
9.0,153.5,2.0,2,6.0,Red Bull,2009-11-01,2009
1.0,71.0,3.0,3,2.0,McLaren,2009-11-01,2009
6.0,70.0,4.0,4,1.0,Ferrari,2009-11-01,2009
7.0,59.5,5.0,5,0.0,Toyota,2009-11-01,2009
2.0,36.0,6.0,6,0.0,BMW Sauber,2009-11-01,2009
3.0,34.5,7.0,7,0.0,Williams,2009-11-01,2009
4.0,26.0,8.0,8,0.0,Renault,2009-11-01,2009
10.0,13.0,9.0,9,0.0,Force India,2009-11-01,2009
5.0,8.0,10.0,10,0.0,Toro Rosso,2009-11-01,2009
9.0,498.0,1.0,1,9.0,Red Bull,2010-11-14,2010
1.0,454.0,2.0,2,5.0,McLaren,2010-11-14,2010
6.0,396.0,3.0,3,5.0,Ferrari,2010-11-14,2010
131.0,214.0,4.0,4,0.0,Mercedes,2010-11-14,2010
4.0,163.0,5.0,5,0.0,Renault,2010-11-14,2010
3.0,69.0,6.0,6,0.0,Williams,2010-11-14,2010
10.0,68.0,7.0,7,0.0,Force India,2010-11-14,2010
15.0,44.0,8.0,8,0.0,Sauber,2010-11-14,2010
5.0,13.0,9.0,9,0.0,Toro Rosso,2010-11-14,2010
164.0,0.0,11.0,11,0.0,HRT,2010-11-14,2010
166.0,0.0,12.0,12,0.0,Virgin,2010-11-14,2010
205.0,0.0,10.0,10,0.0,Lotus,2010-11-14,2010
9.0,650.0,1.0,1,12.0,Red Bull,2011-11-27,2011
1.0,497.0,2.0,2,6.0,McLaren,2011-11-27,2011
6.0,375.0,3.0,3,1.0,Ferrari,2011-11-27,2011
131.0,165.0,4.0,4,0.0,Mercedes,2011-11-27,2011
4.0,73.0,5.0,5,0.0,Renault,2011-11-27,2011
10.0,69.0,6.0,6,0.0,Force India,2011-11-27,2011
15.0,44.0,7.0,7,0.0,Sauber,2011-11-27,2011
5.0,41.0,8.0,8,0.0,Toro Rosso,2011-11-27,2011
3.0,5.0,9.0,9,0.0,Williams,2011-11-27,2011
164.0,0.0,11.0,11,0.0,HRT,2011-11-27,2011
166.0,0.0,12.0,12,0.0,Virgin,2011-11-27,2011
205.0,0.0,10.0,10,0.0,Lotus,2011-11-27,2011
9.0,460.0,1.0,1,7.0,Red Bull,2012-11-25,2012
6.0,400.0,2.0,2,3.0,Ferrari,2012-11-25,2012
1.0,378.0,3.0,3,7.0,McLaren,2012-11-25,2012
208.0,303.0,4.0,4,1.0,Lotus F1,2012-11-25,2012
131.0,142.0,5.0,5,1.0,Mercedes,2012-11-25,2012
15.0,126.0,6.0,6,0.0,Sauber,2012-11-25,2012
10.0,109.0,7.0,7,0.0,Force India,2012-11-25,2012
3.0,76.0,8.0,8,1.0,Williams,2012-11-25,2012
5.0,26.0,9.0,9,0.0,Toro Rosso,2012-11-25,2012
164.0,0.0,12.0,12,0.0,HRT,2012-11-25,2012
206.0,0.0,11.0,11,0.0,Marussia,2012-11-25,2012
207.0,0.0,10.0,10,0.0,Caterham,2012-11-25,2012
9.0,596.0,1.0,1,13.0,Red Bull,2013-11-24,2013
131.0,360.0,2.0,2,3.0,Mercedes,2013-11-24,2013
6.0,354.0,3.0,3,2.0,Ferrari,2013-11-24,2013
208.0,315.0,4.0,4,1.0,Lotus F1,2013-11-24,2013
1.0,122.0,5.0,5,0.0,McLaren,2013-11-24,2013
10.0,77.0,6.0,6,0.0,Force India,2013-11-24,2013
15.0,57.0,7.0,7,0.0,Sauber,2013-11-24,2013
5.0,33.0,8.0,8,0.0,Toro Rosso,2013-11-24,2013
3.0,5.0,9.0,9,0.0,Williams,2013-11-24,2013
206.0,0.0,10.0,10,0.0,Marussia,2013-11-24,2013
207.0,0.0,11.0,11,0.0,Caterham,2013-11-24,2013
131.0,701.0,1.0,1,16.0,Mercedes,2014-11-23,2014
9.0,405.0,2.0,2,3.0,Red Bull,2014-11-23,2014
3.0,320.0,3.0,3,0.0,Williams,2014-11-23,2014
6.0,216.0,4.0,4,0.0,Ferrari,2014-11-23,2014
1.0,181.0,5.0,5,0.0,McLaren,2014-11-23,2014
10.0,155.0,6.0,6,0.0,Force India,2014-11-23,2014
5.0,30.0,7.0,7,0.0,Toro Rosso,2014-11-23,2014
208.0,10.0,8.0,8,0.0,Lotus F1,2014-11-23,2014
206.0,2.0,9.0,9,0.0,Marussia,2014-11-23,2014
15.0,0.0,10.0,10,0.0,Sauber,2014-11-23,2014
207.0,0.0,11.0,11,0.0,Caterham,2014-11-23,2014
131.0,703.0,1.0,1,16.0,Mercedes,2015-11-29,2015
6.0,428.0,2.0,2,3.0,Ferrari,2015-11-29,2015
3.0,257.0,3.0,3,0.0,Williams,2015-11-29,2015
9.0,187.0,4.0,4,0.0,Red Bull,2015-11-29,2015
10.0,136.0,5.0,5,0.0,Force India,2015-11-29,2015
208.0,78.0,6.0,6,0.0,Lotus F1,2015-11-29,2015
5.0,67.0,7.0,7,0.0,Toro Rosso,2015-11-29,2015
15.0,36.0,8.0,8,0.0,Sauber,2015-11-29,2015
1.0,27.0,9.0,9,0.0,McLaren,2015-11-29,2015
209.0,0.0,10.0,10,0.0,Manor Marussia,2015-11-29,2015
131.0,765.0,1.0,1,19.0,Mercedes,2016-11-27,2016
9.0,468.0,2.0,2,2.0,Red Bull,2016-11-27,2016
6.0,398.0,3.0,3,0.0,Ferrari,2016-11-27,2016
10.0,173.0,4.0,4,0.0,Force India,2016-11-27,2016
3.0,138.0,5.0,5,0.0,Williams,2016-11-27,2016
1.0,76.0,6.0,6,0.0,McLaren,2016-11-27,2016
5.0,63.0,7.0,7,0.0,Toro Rosso,2016-11-27,2016
210.0,29.0,8.0,8,0.0,Haas F1 Team,2016-11-27,2016
4.0,8.0,9.0,9,0.0,Renault,2016-11-27,2016
15.0,2.0,10.0,10,0.0,Sauber,2016-11-27,2016
209.0,1.0,11.0,11,0.0,Manor Marussia,2016-11-27,2016
131.0,668.0,1.0,1,12.0,Mercedes,2017-11-26,2017
6.0,522.0,2.0,2,5.0,Ferrari,2017-11-26,2017
9.0,368.0,3.0,3,3.0,Red Bull,2017-11-26,2017
10.0,187.0,4.0,4,0.0,Force India,2017-11-26,2017
3.0,83.0,5.0,5,0.0,Williams,2017-11-26,2017
4.0,57.0,6.0,6,0.0,Renault,2017-11-26,2017
5.0,53.0,7.0,7,0.0,Toro Rosso,2017-11-26,2017
210.0,47.0,8.0,8,0.0,Haas F1 Team,2017-11-26,2017
1.0,30.0,9.0,9,0.0,McLaren,2017-11-26,2017
15.0,5.0,10.0,10,0.0,Sauber,2017-11-26,2017
131.0,655.0,1.0,1,11.0,Mercedes,2018-11-25,2018
6.0,571.0,2.0,2,6.0,Ferrari,2018-11-25,2018
9.0,419.0,3.0,3,4.0,Red Bull,2018-11-25,2018
4.0,122.0,4.0,4,0.0,Renault,2018-11-25,2018
210.0,93.0,5.0,5,0.0,Haas F1 Team,2018-11-25,2018
1.0,62.0,6.0,6,0.0,McLaren,2018-11-25,2018
10.0,52.0,7.0,7,0.0,Force India,2018-11-25,2018
15.0,48.0,8.0,8,0.0,Sauber,2018-11-25,2018
5.0,33.0,9.0,9,0.0,Toro Rosso,2018-11-25,2018
3.0,7.0,10.0,10,0.0,Williams,2018-11-25,2018
131.0,739.0,1.0,1,15.0,Mercedes,2019-12-01,2019
6.0,504.0,2.0,2,3.0,Ferrari,2019-12-01,2019
9.0,417.0,3.0,3,3.0,Red Bull,2019-12-01,2019
1.0,145.0,4.0,4,0.0,McLaren,2019-12-01,2019
4.0,91.0,5.0,5,0.0,Renault,2019-12-01,2019
5.0,85.0,6.0,6,0.0,Toro Rosso,2019-12-01,2019
211.0,73.0,7.0,7,0.0,Racing Point,2019-12-01,2019
51.0,57.0,8.0,8,0.0,Alfa Romeo,2019-12-01,2019
210.0,28.0,9.0,9,0.0,Haas F1 Team,2019-12-01,2019
3.0,1.0,10.0,10,0.0,Williams,2019-12-01,2019
131.0,573.0,1.0,1,13.0,Mercedes,2020-12-13,2020
9.0,319.0,2.0,2,2.0,Red Bull,2020-12-13,2020
1.0,202.0,3.0,3,0.0,McLaren,2020-12-13,2020
211.0,195.0,4.0,4,1.0,Racing Point,2020-12-13,2020
4.0,181.0,5.0,5,0.0,Renault,2020-12-13,2020
6.0,131.0,6.0,6,0.0,Ferrari,2020-12-13,2020
213.0,107.0,7.0,7,1.0,AlphaTauri,2020-12-13,2020
51.0,8.0,8.0,8,0.0,Alfa Romeo,2020-12-13,2020
210.0,3.0,9.0,9,0.0,Haas F1 Team,2020-12-13,2020
3.0,0.0,10.0,10,0.0,Williams,2020-12-13,2020
131.0,613.5,1.0,1,9.0,Mercedes,2021-12-12,2021
9.0,585.5,2.0,2,11.0,Red Bull,2021-12-12,2021
6.0,323.5,3.0,3,0.0,Ferrari,2021-12-12,2021
1.0,275.0,4.0,4,1.0,McLaren,2021-12-12,2021
214.0,155.0,5.0,5,1.0,Alpine F1 Team,2021-12-12,2021
213.0,142.0,6.0,6,0.0,AlphaTauri,2021-12-12,2021
117.0,77.0,7.0,7,0.0,Aston Martin,2021-12-12,2021
3.0,23.0,8.0,8,0.0,Williams,2021-12-12,2021
51.0,13.0,9.0,9,0.0,Alfa Romeo,2021-12-12,2021
210.0,0.0,10.0,10,0.0,Haas F1 Team,2021-12-12,2021
9.0,759.0,1.0,1,17.0,Red Bull,2022-11-20,2022
6.0,554.0,2.0,2,4.0,Ferrari,2022-11-20,2022
131.0,515.0,3.0,3,1.0,Mercedes,2022-11-20,2022
214.0,173.0,4.0,4,0.0,Alpine F1 Team,2022-11-20,2022
1.0,159.0,5.0,5,0.0,McLaren,2022-11-20,2022
51.0,55.0,6.0,6,0.0,Alfa Romeo,2022-11-20,2022
117.0,55.0,7.0,7,0.0,Aston Martin,2022-11-20,2022
210.0,37.0,8.0,8,0.0,Haas F1 Team,2022-11-20,2022
213.0,35.0,9.0,9,0.0,AlphaTauri,2022-11-20,2022
3.0,8.0,10.0,10,0.0,Williams,2022-11-20,2022
9.0,860.0,1.0,1,21.0,Red Bull,2023-11-26,2023
131.0,409.0,2.0,2,0.0,Mercedes,2023-11-26,2023
6.0,406.0,3.0,3,1.0,Ferrari,2023-11-26,2023
1.0,302.0,4.0,4,0.0,McLaren,2023-11-26,2023
117.0,280.0,5.0,5,0.0,Aston Martin,2023-11-26,2023
214.0,120.0,6.0,6,0.0,Alpine F1 Team,2023-11-26,2023
3.0,28.0,7.0,7,0.0,Williams,2023-11-26,2023
213.0,25.0,8.0,8,0.0,AlphaTauri,2023-11-26,2023
51.0,16.0,9.0,9,0.0,Alfa Romeo,2023-11-26,2023
210.0,12.0,10.0,10,0.0,Haas F1 Team,2023-11-26,2023
1.0,666.0,1.0,1,6.0,McLaren,2024-12-08,2024
6.0,652.0,2.0,2,5.0,Ferrari,2024-12-08,2024
9.0,589.0,3.0,3,9.0,Red Bull,2024-12-08,2024
131.0,468.0,4.0,4,4.0,Mercedes,2024-12-08,2024
117.0,94.0,5.0,5,0.0,Aston Martin,2024-12-08,2024
214.0,65.0,6.0,6,0.0,Alpine F1 Team,2024-12-08,2024
210.0,58.0,7.0,7,0.0,Haas F1 Team,2024-12-08,2024
215.0,46.0,8.0,8,0.0,RB F1 Team,2024-12-08,2024
3.0,17.0,9.0,9,0.0,Williams,2024-12-08,2024
15.0,4.0,10.0,10,0.0,Sauber,2024-12-08,2024
